{"schemaVersion": "NPESv1", "startTime": 0.490802978, "endTime": 85.946658547, "resultData": {"energySpectrum": {"numberOfChannels": 500, "validPulseCount": 50070, "measurementTime": 85455855, "energyCalibration": {"polynomialOrder": 2, "coefficients": [1, 1, 0]}, "spectrum": [0, 0, 0, 0, 0, 0, 0, 297, 399, 244, 181, 128, 88, 103, 108, 96, 95, 87, 100, 86, 63, 55, 48, 43, 31, 28, 23, 20, 16, 19, 16, 18, 11, 16, 16, 13, 13, 13, 16, 18, 15, 13, 11, 27, 17, 18, 27, 38, 24, 24, 51, 59, 50, 85, 88, 135, 140, 155, 177, 251, 324, 334, 381, 432, 524, 575, 599, 621, 703, 780, 826, 828, 864, 828, 876, 942, 943, 986, 930, 979, 922, 841, 855, 811, 745, 777, 759, 687, 650, 576, 559, 494, 452, 401, 352, 316, 308, 286, 255, 240, 214, 166, 166, 160, 137, 133, 111, 103, 102, 92, 88, 98, 69, 69, 65, 59, 68, 72, 50, 69, 71, 79, 57, 61, 68, 62, 68, 63, 66, 68, 65, 69, 71, 58, 66, 68, 67, 57, 60, 60, 74, 68, 59, 70, 72, 81, 74, 71, 81, 81, 79, 75, 104, 80, 78, 70, 91, 76, 77, 95, 97, 119, 96, 97, 87, 96, 118, 111, 99, 91, 110, 107, 123, 116, 107, 144, 129, 152, 135, 152, 144, 164, 136, 142, 138, 150, 166, 155, 152, 160, 174, 160, 170, 147, 140, 151, 174, 188, 185, 151, 168, 152, 152, 172, 139, 160, 153, 143, 137, 132, 130, 125, 131, 145, 124, 152, 151, 119, 126, 132, 124, 135, 109, 119, 135, 126, 106, 112, 100, 116, 100, 106, 93, 94, 69, 68, 70, 73, 80, 71, 75, 70, 59, 68, 55, 51, 57, 37, 46, 40, 37, 49, 36, 38, 41, 25, 24, 30, 28, 21, 19, 32, 21, 35, 23, 27, 28, 22, 27, 15, 30, 32, 31, 35, 17, 24, 24, 20, 17, 27, 19, 26, 32, 29, 26, 21, 23, 28, 25, 25, 17, 25, 31, 26, 20, 28, 16, 28, 25, 22, 28, 18, 33, 30, 24, 26, 23, 23, 23, 19, 17, 21, 25, 27, 22, 18, 26, 30, 26, 23, 20, 23, 18, 29, 26, 22, 33, 19, 12, 25, 18, 23, 14, 24, 21, 17, 27, 24, 24, 19, 22, 20, 19, 25, 22, 28, 19, 26, 17, 22, 23, 29, 27, 28, 23, 20, 19, 27, 21, 21, 14, 17, 29, 22, 17, 21, 27, 23, 16, 16, 23, 21, 26, 23, 20, 21, 24, 21, 15, 18, 18, 29, 29, 21, 18, 23, 26, 21, 24, 22, 15, 20, 22, 19, 17, 19, 12, 11, 29, 23, 21, 21, 20, 13, 9, 14, 17, 21, 14, 21, 12, 19, 16, 16, 13, 20, 14, 26, 19, 18, 15, 26, 12, 17, 17, 14, 16, 14, 16, 16, 9, 10, 13, 11, 8, 17, 15, 8, 15, 9, 19, 17, 22, 15, 13, 12, 12, 13, 17, 10, 14, 12, 11, 11, 12, 7, 21, 9, 15, 8, 12, 14, 14, 10, 12, 9, 11, 9, 8, 11, 15, 8, 14, 8, 10, 9, 6, 9, 19, 8, 9, 14, 8, 4, 7, 8, 4, 8, 6, 9, 5, 11, 9, 7, 10, 13, 8, 9, 6, 5]}}}