{"schemaVersion": "NPESv1", "startTime": 0.499998628, "endTime": 145.724018971, "resultData": {"energySpectrum": {"numberOfChannels": 500, "validPulseCount": 100000, "measurementTime": 145224020, "energyCalibration": {"polynomialOrder": 2, "coefficients": [1, 1, 0]}, "spectrum": [0, 0, 0, 0, 0, 0, 0, 0, 0, 0, 384, 327, 239, 174, 168, 183, 182, 172, 194, 169, 143, 136, 117, 113, 95, 74, 63, 55, 47, 44, 62, 30, 31, 34, 30, 32, 34, 25, 24, 39, 32, 30, 30, 35, 29, 37, 22, 52, 42, 45, 84, 75, 75, 90, 135, 150, 168, 209, 257, 299, 323, 362, 468, 518, 661, 665, 759, 860, 986, 1013, 1126, 1222, 1303, 1416, 1464, 1553, 1669, 1640, 1734, 1738, 1903, 1835, 1891, 1866, 1894, 1779, 1791, 1755, 1655, 1630, 1476, 1421, 1339, 1270, 1212, 1129, 930, 896, 785, 738, 659, 600, 524, 500, 433, 406, 346, 313, 304, 246, 229, 232, 215, 173, 165, 158, 133, 161, 151, 126, 124, 144, 98, 122, 122, 144, 122, 93, 127, 117, 132, 126, 131, 124, 121, 116, 147, 144, 108, 148, 135, 131, 116, 138, 166, 148, 134, 165, 155, 172, 143, 152, 162, 151, 155, 172, 147, 168, 154, 174, 181, 174, 196, 157, 184, 199, 195, 225, 182, 210, 220, 205, 205, 226, 196, 218, 249, 237, 228, 279, 253, 225, 283, 284, 309, 273, 308, 300, 305, 290, 322, 306, 331, 333, 327, 311, 322, 305, 326, 314, 306, 336, 329, 330, 337, 316, 322, 305, 306, 340, 300, 279, 279, 312, 269, 288, 297, 286, 289, 272, 282, 289, 267, 260, 244, 245, 250, 220, 238, 265, 233, 248, 234, 226, 221, 202, 207, 188, 160, 170, 174, 162, 146, 140, 126, 128, 131, 104, 102, 120, 118, 119, 110, 95, 91, 84, 77, 94, 79, 71, 67, 60, 56, 63, 56, 54, 54, 60, 52, 63, 64, 51, 57, 41, 48, 52, 45, 54, 51, 39, 41, 59, 52, 47, 53, 40, 64, 47, 46, 53, 56, 58, 42, 56, 61, 53, 48, 45, 44, 58, 62, 51, 37, 37, 47, 37, 62, 43, 58, 50, 43, 37, 41, 47, 43, 46, 41, 43, 44, 49, 41, 47, 31, 41, 38, 48, 47, 39, 43, 47, 46, 48, 44, 41, 49, 42, 35, 52, 45, 44, 46, 40, 52, 38, 37, 56, 45, 41, 32, 50, 43, 45, 44, 53, 46, 41, 37, 40, 33, 36, 37, 55, 41, 36, 46, 54, 47, 40, 36, 32, 34, 42, 52, 40, 51, 38, 44, 45, 44, 45, 34, 40, 39, 34, 45, 38, 43, 40, 38, 45, 41, 49, 40, 40, 41, 33, 45, 27, 43, 24, 32, 42, 35, 35, 29, 47, 37, 46, 34, 34, 41, 51, 40, 39, 34, 43, 42, 46, 37, 44, 37, 33, 36, 26, 33, 25, 31, 43, 50, 30, 30, 45, 31, 28, 23, 31, 39, 30, 28, 35, 30, 24, 29, 27, 39, 28, 36, 33, 16, 33, 33, 39, 29, 17, 25, 25, 26, 13, 26, 33, 32, 35, 33, 22, 20, 21, 23, 13, 15, 20, 22, 26, 15, 21, 19, 26, 19, 25, 24, 21, 19, 16, 14, 16, 16, 19, 17, 14, 23, 19, 18, 20, 17, 11, 11, 15, 13, 15, 14, 15]}}}